title,source,source_page_url,direct_image_url,creator,year,license,required_attribution
Albert Einstein during a lecture in Vienna,Wikimedia Commons; original photographer's work in Austrian National Library collections,https://commons.wikimedia.org/wiki/File:Einstein1921_by_F_Schmutzer_2.jpg,https://upload.wikimedia.org/wikipedia/commons/a/af/Einstein1921_by_F_Schmutzer_2.jpg,Ferdinand Schmutzer (1870–1928); digital cleanup by Quibik,1921,Public Domain (PD-old; PD-US-unpublished; Public Domain Mark 1.0),"None required by public-domain status; recommended: Ferdinand Schmutzer, 1921 / Wikimedia Commons"
Astrolabe of ‘Umar ibn Yusuf ibn ‘Umar ibn ‘Ali ibn Rasul al-Muzaffari,"The Metropolitan Museum of Art, Open Access",https://www.metmuseum.org/art/collection/search/444408,https://images.metmuseum.org/CRDImages/is/original/DP170386.jpg,‘Umar ibn Yusuf ibn ‘Umar ibn ‘Ali ibn Rasul al-Muzaffari,690 AH / 1291 CE,CC0 1.0 / Public Domain,"None required under CC0; recommended: The Metropolitan Museum of Art, Edward C. Moore Collection, Bequest of Edward C. Moore, 1891"
"Galileo Galilei letter to Nicolas Peiresc, 12 May 1635, page 1",Smithsonian Libraries and Archives; Smithsonian digitization hosted at Internet Archive,https://library.si.edu/digital-library/book/letter00gali,"https://iiif.archive.org/iiif/Letter00Gali$1/full/1600,/0/default.jpg",Galileo Galilei (1564–1642),1635,CC0 1.0 / Public Domain,"None required under CC0; recommended: Smithsonian Libraries and Archives, Dibner Library, MSS 562 A"
Andromeda — ultraviolet view from GALEX,"NASA Jet Propulsion Laboratory, Photojournal PIA15416",https://www.jpl.nasa.gov/images/pia15416-andromeda/,https://d2pn8kiwq2w21t.cloudfront.net/images/jpegPIA15416.width-1600.jpg,NASA/JPL-Caltech; Galaxy Evolution Explorer mission,2012 (released May 16),NASA/JPL image-use permission; NASA content generally not copyrighted in the United States; not labeled CC0,NASA/JPL-Caltech
Apollo 17: Blue Marble,NASA,https://www.nasa.gov/image-article/apollo-17-blue-marble/,https://www.nasa.gov/wp-content/uploads/2023/03/as17-148-22727_lrg.jpg,NASA / Apollo 17 crew,1972,Public Domain in the United States (NASA/U.S. Government work); NASA media-use guidelines,NASA / Apollo 17 crew
Dialogo secondo. (page 140),"The New York Public Library Digital Collections, Rare Book Division",https://old-digitalcollections.nypl.org/items/94a62628-8443-202e-e040-e00a1806743e,https://iiif-prod.nypl.org/index.php?id=ps_rbk_cd14_212&t=q,Galileo Galilei (1564–1642); published by Appresso gli Elsevirii,1638,Public Domain under United States law; NYPL does not determine other-country status. Not CC0.,"None required by NYPL; suggested: From The New York Public Library, with link to item."
Plate XXVII,"The New York Public Library Digital Collections, Spencer Collection",https://digitalcollections.nypl.org/items/8927c324-7920-93fa-e040-e00a18063ca9,https://iiif-prod.nypl.org/index.php?id=ps_prn_cd23_335&t=q,"Thomas Wright (1711–1786), author; engraver not identified in item record",1750,Public Domain under United States law; NYPL does not determine other-country status. Not CC0.,"None required by NYPL; suggested: From The New York Public Library, with link to item."
New Jersey—The wizard of electricity—Thomas A. Edison's system of electric illumination,"Library of Congress, Prints and Photographs Division; Free to Use and Reuse, Scientists & Inventors",https://www.loc.gov/item/89714482/,https://cdn.loc.gov/service/pnp/cph/3b40000/3b44000/3b44000/3b44049r.jpg,Artist/engraver not identified in Library of Congress item record; publisher Frank Leslie's Illustrated Newspaper,1880,Public Domain in the United States: published in the US in 1880. Not CC0.,"No copyright attribution requirement; recommended: Library of Congress, Prints and Photographs Division, LC-USZ62-97960."
Neural Network.svg,Wikimedia Commons,https://commons.wikimedia.org/wiki/File:Neural_Network.svg,https://upload.wikimedia.org/wikipedia/commons/1/15/Neural_Network.svg,QuantuMechaniX8,2025,CC0 1.0 Universal Public Domain Dedication,"None required. Optional credit: QuantuMechaniX8 / Wikimedia Commons, CC0."
Atlas frontview 2013.jpg,Wikimedia Commons; original DARPA Robotics Challenge photograph,https://commons.wikimedia.org/wiki/File:Atlas_frontview_2013.jpg,https://thumb.wikimedia.org/wikipedia/commons/thumb/8/81/Atlas_frontview_2013.jpg/960px-Atlas_frontview_2013.jpg,DARPA,2013,Public domain in the United States; US federal government work (PD-US-DARPA),"Copyright attribution not required; DARPA requests appropriate photo credits. Use: Photo: DARPA, via Wikimedia Commons."
Close-Up Photo of a Robot Arm,Pexels,https://www.pexels.com/photo/close-up-photo-of-a-robot-arm-8294559/,https://images.pexels.com/photos/8294559/pexels-photo-8294559.jpeg?auto=compress&cs=tinysrgb&w=1200,Pavel Danilyuk,2021,Pexels License (free website use; not CC0),Not required. Optional credit: Photo by Pavel Danilyuk on Pexels.
Franka Emika Panda — MuJoCo Menagerie simulation render,Google DeepMind / MuJoCo Menagerie,https://github.com/google-deepmind/mujoco_menagerie/tree/main/franka_emika_panda,https://raw.githubusercontent.com/google-deepmind/mujoco_menagerie/main/franka_emika_panda/panda.png,MuJoCo Menagerie contributors; robot description derived from Franka Emika,Not separately stated for this render; project citation is 2022,Apache License 2.0,"Retain Apache 2.0 license and applicable copyright/attribution notices when distributing. Suggested site credit: MuJoCo Menagerie / Google DeepMind, Apache 2.0. Mark any modifications."
Franka Emika Panda Description (MJCF),Google DeepMind / MuJoCo Menagerie,https://github.com/google-deepmind/mujoco_menagerie/tree/4d038b3feae26ec82b46a4d586379114012a8ac7/franka_emika_panda,https://raw.githubusercontent.com/google-deepmind/mujoco_menagerie/main/franka_emika_panda/panda.png,MuJoCo Menagerie contributors; derived from Franka Emika franka_ros URDF and meshes,Not separately asserted; Menagerie project citation is 2022,Apache License 2.0 — verified model-specific license,"Distribute the Apache 2.0 license, retain applicable notices, and mark changes. Suggested scientific credit: MuJoCo Menagerie, Kevin Zakka, Yuval Tassa and contributors (2022). Robot/model marks carry no endorsement."
A Neural Network Playground,TensorFlow Playground / Google,https://playground.tensorflow.org/,,Daniel Smilkov and Shan Carter,Not stated on the cited hosted page,Underlying open-source project: Apache License 2.0; catalog contains a link only,"No copied UI screenshot or code included. For future code reuse, retain Apache 2.0 license and notices. Suggested link credit: TensorFlow Playground, Daniel Smilkov and Shan Carter."
